{"1653290894.279338": {"0": 1348, "2": 72}, "1653291182.3632727": {"0": 1348, "2": 72}, "1653291186.3681839": {"0": 1348, "2": 72}, "1653291187.8210716": {"0": 1348, "2": 72}}